{
    "loss": 1.2744596004486084,
    "accuracy": 0.9396551847457886
}